                  epoch,         train/box_loss,         train/cls_loss,         train/dfl_loss,   metrics/precision(B),      metrics/recall(B),       metrics/mAP50(B),    metrics/mAP50-95(B),           val/box_loss,           val/cls_loss,           val/dfl_loss,                 lr/pg0,                 lr/pg1,                 lr/pg2
                      0,                 3.4663,                 73.202,                 1.3843,                  4e-05,                0.01639,                  2e-05,                      0,                 3.2581,                 23.636,                 1.1008,                 0.0003,                 0.0003,                 0.0003
                      1,                 3.7385,                 40.128,                 1.2484,                  4e-05,                0.01639,                  2e-05,                      0,                 3.4089,                 21.258,                 1.1524,             0.00061825,             0.00061825,             0.00061825
                      2,                 3.7758,                 21.907,                 1.2637,                  4e-05,                0.01639,                  2e-05,                      0,                 3.1626,                 24.198,                 1.0461,             0.00093468,             0.00093468,             0.00093468
                      3,                 3.6606,                 19.921,                 1.1709,                0.00016,                0.06557,                  9e-05,                  3e-05,                 3.0306,                 16.568,                 1.0595,              0.0012493,              0.0012493,              0.0012493
                      4,                 3.4562,                 16.504,                 1.1191,                  4e-05,                0.01639,                  2e-05,                  1e-05,                 3.4053,                 40.002,                 1.1755,              0.0015621,              0.0015621,              0.0015621
                      5,                 3.2225,                 12.304,                 1.0867,                  8e-05,                0.03279,                  4e-05,                  2e-05,                 3.7011,                 17.661,                 1.3695,              0.0018731,              0.0018731,              0.0018731
                      6,                  3.407,                 10.399,                  1.131,                0.00037,                0.14754,                0.00393,                0.00075,                  3.617,                 10.595,                 1.2267,              0.0019661,              0.0019661,              0.0019661
                      7,                  3.388,                 12.128,                 1.0763,                0.00065,                0.21311,                0.00658,                0.00101,                 3.0737,                 7.5488,                 1.0497,              0.0019661,              0.0019661,              0.0019661
                      8,                 3.1084,                 8.2981,                 1.0898,                0.00024,                0.01639,                0.01504,                 0.0034,                 3.6644,                 7.8841,                 1.2475,              0.0019604,              0.0019604,              0.0019604
                      9,                 3.3066,                 10.898,                 1.0869,                0.01897,                0.03279,                0.00681,                0.00181,                 3.0661,                 12.914,                 1.0632,              0.0019547,              0.0019547,              0.0019547
                     10,                 3.1038,                 7.0316,                 1.0657,                0.23523,                0.09836,                0.05241,                0.01247,                 3.0188,                 6.2763,                 1.0234,              0.0019491,              0.0019491,              0.0019491
                     11,                 3.2808,                 6.7319,                 1.0543,                0.00083,                0.32787,                0.01896,                0.00486,                 3.0726,                 6.5654,                  1.117,              0.0019434,              0.0019434,              0.0019434
                     12,                 3.1086,                 6.3215,                 1.0429,                0.31177,                0.06557,                0.05534,                0.01743,                 2.8972,                   6.62,                 1.0614,              0.0019378,              0.0019378,              0.0019378
                     13,                 3.2609,                 6.7317,                 1.1088,                0.46254,                0.08197,                0.10183,                0.01697,                 3.0082,                 5.8381,                 1.0555,              0.0019321,              0.0019321,              0.0019321
                     14,                 2.9244,                 5.0296,                 1.0508,                0.23257,                0.03279,                0.03384,                0.00937,                 2.8305,                 4.8638,                0.99445,              0.0019265,              0.0019265,              0.0019265
                     15,                  2.812,                 4.9288,                 1.0434,                0.12352,                0.08197,                0.05419,                0.01655,                 3.0235,                 4.0398,                 1.0128,              0.0019208,              0.0019208,              0.0019208
                     16,                 2.9049,                 5.2213,                   1.02,                0.15181,                0.03279,                0.03677,                0.00955,                 3.0597,                  4.415,                  1.052,              0.0019151,              0.0019151,              0.0019151
                     17,                 2.9706,                 4.8781,                 1.0225,                0.08448,                0.08197,                 0.0312,                 0.0071,                 3.0852,                 4.0939,                 1.0657,              0.0019095,              0.0019095,              0.0019095
                     18,                 2.8884,                 4.4449,                 1.0186,                 0.3628,                0.18033,                0.10517,                0.02806,                 3.0746,                 3.4312,                 1.0519,              0.0019038,              0.0019038,              0.0019038
                     19,                 2.6527,                 5.0886,                 0.9601,                0.38715,                0.18033,                  0.141,                0.03678,                 2.8882,                 3.3933,                0.98575,              0.0018982,              0.0018982,              0.0018982
                     20,                 2.8978,                 4.2333,                 1.0005,                0.20763,                0.09836,                0.07146,                0.01574,                 3.2057,                 4.1106,                  1.013,              0.0018925,              0.0018925,              0.0018925
                     21,                 2.7892,                 3.9601,                 1.0239,                0.13838,                0.06557,                 0.0803,                0.02735,                 2.8657,                 3.8735,                0.98617,              0.0018869,              0.0018869,              0.0018869
                     22,                 2.8994,                 4.1852,                 1.0161,                0.12475,                0.04918,                0.01971,                0.00644,                 3.0286,                 3.9074,                0.99867,              0.0018812,              0.0018812,              0.0018812
                     23,                 2.9065,                 3.8697,                 1.0063,                0.16209,                0.22951,                 0.0679,                0.01932,                  3.165,                 3.7415,                 1.0071,              0.0018755,              0.0018755,              0.0018755
                     24,                 2.7498,                 3.8041,                0.98644,                0.33382,                0.18033,                 0.1457,                0.05869,                 3.0483,                 3.9232,                0.98206,              0.0018699,              0.0018699,              0.0018699
                     25,                 2.9263,                 4.3917,                0.98413,                0.26497,                0.22951,                0.14844,                0.03885,                 2.6677,                 3.4589,                0.96815,              0.0018642,              0.0018642,              0.0018642
                     26,                  2.933,                 4.3305,                0.99346,                0.23745,                0.11475,                0.07523,                0.02009,                 2.7361,                 3.8872,                 1.0011,              0.0018586,              0.0018586,              0.0018586
                     27,                 2.7554,                 3.6986,                0.99335,                0.24985,                0.22951,                0.17622,                0.05035,                 2.7088,                 3.1422,                0.95018,              0.0018529,              0.0018529,              0.0018529
                     28,                 2.6758,                 3.4816,                0.95163,                0.30861,                0.20499,                0.20511,                0.04938,                 2.8162,                 3.0313,                0.95551,              0.0018473,              0.0018473,              0.0018473
                     29,                  2.882,                 3.3678,                0.96953,                0.19603,                0.22951,                0.09662,                0.02451,                 2.8168,                 3.3113,                0.95617,              0.0018416,              0.0018416,              0.0018416
                     30,                 2.7502,                 3.3383,                0.98188,                0.22896,                0.22951,                0.10906,                0.04201,                 2.7615,                 2.9395,                0.95753,              0.0018359,              0.0018359,              0.0018359
                     31,                 2.7088,                 3.9661,                0.99005,                 0.2389,                0.14754,                 0.1425,                0.04595,                 2.6539,                 2.8359,                0.94652,              0.0018303,              0.0018303,              0.0018303
                     32,                 2.5863,                 3.3155,                0.97693,                0.20681,                0.14964,                0.12264,                0.03265,                 2.6658,                 2.9799,                0.94981,              0.0018246,              0.0018246,              0.0018246
                     33,                 2.7867,                 3.5207,                0.97295,                0.27168,                0.13115,                0.14698,                0.04191,                 2.7903,                 3.0996,                0.95834,               0.001819,               0.001819,               0.001819
                     34,                 2.6093,                 3.2011,                0.95284,                0.33401,                0.36066,                0.26586,                 0.0904,                 2.4899,                 3.5824,                0.92598,              0.0018133,              0.0018133,              0.0018133
                     35,                 2.6092,                  3.373,                0.95311,                0.32972,                0.34426,                0.24378,                0.07736,                 2.5796,                 3.0611,                 0.9346,              0.0018077,              0.0018077,              0.0018077
                     36,                 2.6068,                 3.0399,                0.97537,                 0.3412,                0.22085,                0.19572,                0.06189,                 2.4459,                 2.5697,                0.91592,               0.001802,               0.001802,               0.001802
                     37,                 2.8398,                 3.5508,                0.98123,                0.32561,                0.19672,                0.14626,                0.05085,                 2.7382,                  2.929,                0.97085,              0.0017963,              0.0017963,              0.0017963
                     38,                 2.4568,                 3.2475,                0.95214,                0.18608,                 0.1762,                0.13089,                0.03364,                 2.6629,                 3.0478,                0.95522,              0.0017907,              0.0017907,              0.0017907
                     39,                 2.7144,                 3.1906,                0.98899,                0.41961,                0.29508,                0.20323,                0.06259,                 2.5704,                 2.6651,                0.92585,               0.001785,               0.001785,               0.001785
                     40,                 2.6427,                 3.0407,                0.96348,                0.22193,                0.18711,                0.09157,                0.02377,                 2.6834,                 3.0804,                0.93658,              0.0017794,              0.0017794,              0.0017794
                     41,                 2.4761,                 2.7004,                0.95795,                0.24914,                 0.2623,                0.18078,                0.06014,                 2.4295,                 4.0655,                  0.914,              0.0017737,              0.0017737,              0.0017737
                     42,                 2.5173,                 3.0919,                0.95571,                0.36469,                0.11475,                0.20395,                0.06171,                 2.4544,                 3.1479,                0.92656,              0.0017681,              0.0017681,              0.0017681
                     43,                 2.6315,                 3.1222,                0.95287,                0.24815,                0.12458,                0.09085,                0.02837,                 2.8833,                  3.432,                0.97227,              0.0017624,              0.0017624,              0.0017624
                     44,                 2.3938,                 2.9183,                0.92811,                 0.6424,                0.23577,                0.25992,                0.06902,                 2.6167,                 3.1659,                0.94953,              0.0017567,              0.0017567,              0.0017567
                     45,                 2.6099,                 3.1329,                0.97945,                0.43369,                0.27869,                 0.2567,                0.09626,                 2.8984,                 2.6632,                0.96416,              0.0017511,              0.0017511,              0.0017511
                     46,                 2.5229,                 3.0511,                0.93622,                 0.4002,                0.09836,                0.12101,                0.04132,                 3.2002,                  3.308,                0.99591,              0.0017454,              0.0017454,              0.0017454
                     47,                 2.5561,                 2.8821,                0.98184,                0.17823,                0.06557,                0.06263,                0.01791,                  3.008,                 3.3704,                0.96944,              0.0017398,              0.0017398,              0.0017398
                     48,                 2.6513,                 3.1884,                 0.9294,                0.06127,                0.40984,                0.15055,                0.04809,                 2.6891,                  3.658,                0.93871,              0.0017341,              0.0017341,              0.0017341
                     49,                 2.4857,                 2.7468,                0.91692,                0.34718,                0.29508,                0.24241,                 0.0855,                 2.6423,                 2.7793,                0.94837,              0.0017285,              0.0017285,              0.0017285
                     50,                 2.5463,                  3.264,                0.91852,                0.38816,                0.26005,                0.24266,                0.08695,                 2.6286,                 2.6947,                0.96227,              0.0017228,              0.0017228,              0.0017228
                     51,                 2.5961,                 2.9537,                0.96245,                0.39338,                0.32787,                0.27285,                0.09536,                 2.6139,                 2.7177,                0.95703,              0.0017171,              0.0017171,              0.0017171
                     52,                 2.4415,                 2.6269,                  0.949,                0.49181,                0.34426,                0.33256,                0.10997,                 2.5564,                 2.5907,                0.94337,              0.0017115,              0.0017115,              0.0017115
                     53,                 2.5538,                 2.7378,                0.95639,                0.49271,                0.38221,                0.33862,                0.10299,                 2.5545,                    2.6,                0.93229,              0.0017058,              0.0017058,              0.0017058
                     54,                 2.5356,                 2.7463,                0.96159,                0.24617,                0.27838,                0.23013,                0.07594,                 2.5778,                 2.8904,                0.92985,              0.0017002,              0.0017002,              0.0017002
                     55,                  2.434,                 2.5373,                0.94291,                0.46477,                0.39344,                0.30709,                0.12137,                 2.4714,                 2.6984,                0.91821,              0.0016945,              0.0016945,              0.0016945
                     56,                 2.4728,                 2.6574,                0.96564,                0.40846,                 0.2623,                0.26159,                0.08604,                 2.5698,                 2.6171,                0.94027,              0.0016889,              0.0016889,              0.0016889
                     57,                 2.3968,                 2.7295,                0.92501,                0.40734,                0.32787,                0.30579,                0.09593,                 2.5294,                 2.5754,                 0.9274,              0.0016832,              0.0016832,              0.0016832
                     58,                 2.4157,                 2.7931,                0.91179,                0.55365,                0.32787,                0.34051,                0.12112,                 2.4167,                 2.4483,                0.92269,              0.0016775,              0.0016775,              0.0016775
                     59,                 2.4486,                 2.5959,                0.95596,                 0.5628,                0.32787,                 0.3237,                0.10625,                 2.5024,                 2.6277,                0.92642,              0.0016719,              0.0016719,              0.0016719
                     60,                 2.2793,                 2.3462,                0.91049,                0.34371,                0.22951,                0.23038,                0.06799,                 2.8613,                  3.403,                0.93793,              0.0016662,              0.0016662,              0.0016662
                     61,                 2.4507,                 2.5836,                0.91782,                0.31728,                 0.2623,                0.24084,                0.07296,                 2.4165,                 3.5965,                0.90375,              0.0016606,              0.0016606,              0.0016606
                     62,                 2.2757,                 2.5175,                0.92417,                0.48479,                 0.2459,                0.24656,                0.07875,                 2.6418,                 2.9466,                0.93761,              0.0016549,              0.0016549,              0.0016549
                     63,                 2.4376,                 2.4939,                0.97353,                0.50958,                 0.2623,                0.24281,                0.07493,                 2.7244,                 2.6638,                0.92905,              0.0016493,              0.0016493,              0.0016493
                     64,                  2.495,                 2.4574,                0.94374,                0.40417,                0.22951,                0.21583,                0.06067,                 2.7727,                 2.7135,                0.93866,              0.0016436,              0.0016436,              0.0016436
                     65,                 2.4052,                 2.5957,                0.91957,                 0.3266,                0.16705,                0.17048,                0.04048,                 2.8749,                 3.4139,                0.96792,              0.0016379,              0.0016379,              0.0016379
                     66,                 2.4842,                 2.7054,                 0.9494,                 0.2558,                0.11475,                0.12789,                0.03379,                 2.8868,                  3.478,                0.95997,              0.0016323,              0.0016323,              0.0016323
                     67,                 2.1743,                 2.9153,                0.85486,                 0.4349,                0.11475,                0.17113,                 0.0453,                 2.7295,                 3.5736,                0.94493,              0.0016266,              0.0016266,              0.0016266
                     68,                  2.274,                 2.5586,                0.95235,                0.72052,                0.27869,                0.31717,                0.09155,                 2.7439,                 3.0906,                0.95316,               0.001621,               0.001621,               0.001621
                     69,                 2.3455,                  2.489,                0.89965,                0.57459,                0.31148,                0.28894,                0.09367,                  2.704,                 2.9264,                0.94603,              0.0016153,              0.0016153,              0.0016153
                     70,                 2.2266,                 2.4414,                0.90905,                0.28958,                0.18033,                0.12066,                0.03655,                 2.7798,                 3.1773,                0.93814,              0.0016097,              0.0016097,              0.0016097
                     71,                  2.309,                 2.3815,                0.94134,                0.47524,                0.22283,                0.19864,                0.05383,                 2.8599,                 3.2155,                0.95129,               0.001604,               0.001604,               0.001604
                     72,                 2.4588,                 2.7935,                0.94155,                0.17591,                0.14754,                0.09753,                0.02636,                 3.0852,                 3.1806,                0.96221,              0.0015983,              0.0015983,              0.0015983
                     73,                 2.3319,                 2.3516,                0.93535,                0.25808,                0.34426,                0.26314,                0.08746,                  2.569,                 2.6453,                 0.9153,              0.0015927,              0.0015927,              0.0015927
                     74,                 2.4429,                 2.1602,                0.94277,                0.42227,                0.34426,                0.31759,                0.10548,                 2.5969,                 2.8005,                0.91901,               0.001587,               0.001587,               0.001587
                     75,                 2.3571,                 2.8059,                0.91561,                0.56035,                0.34426,                0.37763,                0.11488,                 2.7251,                 2.4095,                0.94381,              0.0015814,              0.0015814,              0.0015814
                     76,                 2.2816,                 2.2637,                0.90926,                0.45485,                0.31148,                0.31486,                0.10943,                 2.6386,                 2.8065,                0.93562,              0.0015757,              0.0015757,              0.0015757
                     77,                 2.2511,                 2.2839,                0.90788,                0.22148,                0.15865,                0.07773,                0.01778,                 2.9935,                 3.3832,                0.96033,              0.0015701,              0.0015701,              0.0015701
                     78,                 2.5668,                 2.7096,                0.92034,                0.24225,                0.21311,                0.09982,                0.02806,                 2.9987,                 3.3606,                0.96662,              0.0015644,              0.0015644,              0.0015644
                     79,                 2.3005,                 2.4431,                0.90803,                0.39317,                0.34426,                0.28143,                0.08463,                 2.5766,                 2.8344,                0.93843,              0.0015587,              0.0015587,              0.0015587
                     80,                 2.4576,                 2.6391,                0.93332,                 0.4704,                0.32787,                0.31803,                0.09735,                 2.5538,                 2.5242,                0.93392,              0.0015531,              0.0015531,              0.0015531
                     81,                 2.3887,                 2.2229,                0.90316,                0.35098,                 0.2459,                0.21971,                0.07061,                  2.593,                 2.7084,                0.93454,              0.0015474,              0.0015474,              0.0015474
                     82,                 2.4385,                 2.4006,                0.94974,                0.37532,                0.29508,                0.26145,                 0.0806,                 2.5741,                 2.8368,                0.92652,              0.0015418,              0.0015418,              0.0015418
                     83,                 2.1737,                 2.1654,                0.91416,                 0.4811,                0.31148,                0.30287,                0.11426,                 2.5687,                 3.0275,                0.92521,              0.0015361,              0.0015361,              0.0015361
                     84,                 2.4237,                  2.432,                0.93319,                0.62079,                0.29508,                0.32216,                0.10846,                 2.5862,                 2.9749,                0.92839,              0.0015305,              0.0015305,              0.0015305
                     85,                 2.3148,                 2.3756,                0.94275,                0.61119,                0.27869,                0.33006,                0.09036,                 2.5142,                 2.6137,                 0.9331,              0.0015248,              0.0015248,              0.0015248
                     86,                 2.2828,                 2.6029,                 0.8973,                0.75891,                0.25817,                0.29868,                 0.0834,                 2.8047,                 2.7333,                0.96514,              0.0015191,              0.0015191,              0.0015191
                     87,                 2.2849,                 2.2887,                 0.9268,                0.68632,                0.32787,                0.36242,                0.10754,                 2.6633,                 3.4098,                0.95395,              0.0015135,              0.0015135,              0.0015135
                     88,                 2.1516,                 2.4291,                0.93481,                0.42804,                 0.2623,                0.25177,                0.07477,                 2.6893,                  3.636,                 0.9521,              0.0015078,              0.0015078,              0.0015078
                     89,                 2.2525,                  2.324,                0.93521,                0.31551,                 0.2459,                0.12792,                0.04319,                 2.8763,                 2.7973,                0.96175,              0.0015022,              0.0015022,              0.0015022
                     90,                  2.421,                 2.5781,                0.95471,                0.28951,                0.19672,                 0.1131,                0.03355,                 2.8106,                 2.8422,                0.94904,              0.0014965,              0.0014965,              0.0014965
                     91,                 2.4185,                 2.3076,                0.93592,                0.22616,                 0.2459,                0.14055,                0.03715,                 2.7169,                 2.8209,                0.93259,              0.0014909,              0.0014909,              0.0014909
                     92,                 2.2176,                 2.1328,                0.93223,                0.50543,                 0.2623,                0.23351,                0.04837,                 2.7911,                 2.9314,                0.93829,              0.0014852,              0.0014852,              0.0014852
                     93,                 2.1843,                 2.0926,                0.91562,                0.30506,                0.20158,                0.16248,                0.03699,                 2.9229,                 3.3729,                0.95406,              0.0014795,              0.0014795,              0.0014795
                     94,                 2.2274,                 2.2805,                0.90153,                0.28072,                0.18033,                0.11685,                 0.0244,                 2.8712,                 3.1678,                0.94708,              0.0014739,              0.0014739,              0.0014739
                     95,                 2.2628,                 2.1269,                0.91542,                0.60354,                 0.2459,                0.25138,                0.06247,                 2.6962,                 2.5233,                0.93039,              0.0014682,              0.0014682,              0.0014682
                     96,                 2.3414,                 2.0756,                0.91935,                0.64747,                0.22951,                0.25252,                0.07433,                 2.6024,                 2.5679,                 0.9217,              0.0014626,              0.0014626,              0.0014626
                     97,                 2.1416,                 2.1576,                0.88952,                0.60453,                 0.2623,                0.26339,                0.08906,                  2.596,                   2.53,                0.93048,              0.0014569,              0.0014569,              0.0014569
                     98,                 2.2599,                 2.3445,                0.91263,                0.52975,                 0.2623,                0.28283,                0.09604,                 2.6407,                 2.2327,                0.93059,              0.0014513,              0.0014513,              0.0014513
                     99,                 2.1798,                 2.5273,                 0.8694,                 0.5461,                0.34426,                0.39586,                0.13511,                 2.4259,                   2.15,                0.90914,              0.0014456,              0.0014456,              0.0014456
                    100,                 2.2309,                  1.948,                  0.892,                0.58025,                0.37705,                0.40043,                0.13191,                 2.5216,                   2.07,                0.91521,              0.0014399,              0.0014399,              0.0014399
                    101,                 2.3564,                  2.161,                0.92914,                0.38987,                0.39344,                0.31104,                0.10405,                 2.7544,                 2.4615,                0.94959,              0.0014343,              0.0014343,              0.0014343
                    102,                 2.4104,                 1.9947,                 0.9263,                0.50485,                0.27869,                 0.2758,                0.07969,                 2.7568,                 2.6113,                0.94186,              0.0014286,              0.0014286,              0.0014286
                    103,                 2.1506,                 2.1345,                0.90251,                0.54537,                 0.3933,                0.40086,                0.11976,                 2.6469,                 2.2899,                0.92952,               0.001423,               0.001423,               0.001423
                    104,                 2.3065,                 2.1968,                0.91456,                0.58291,                0.27869,                 0.3028,                0.08281,                  2.692,                 2.6137,                0.93837,              0.0014173,              0.0014173,              0.0014173
                    105,                 2.1663,                 2.0743,                 0.8814,                0.29186,                0.32787,                0.23665,                0.06511,                 2.6986,                   2.69,                0.94184,              0.0014117,              0.0014117,              0.0014117
                    106,                 2.2201,                 2.0084,                0.88193,                0.25151,                0.27869,                0.16964,                0.04985,                 2.6296,                 3.1425,                0.92832,               0.001406,               0.001406,               0.001406
                    107,                 2.1779,                 1.8841,                0.92478,                0.34609,                0.29508,                0.21478,                0.06942,                 2.6528,                 2.6851,                0.92499,              0.0014003,              0.0014003,              0.0014003
                    108,                  2.045,                 1.7505,                0.88969,                0.28341,                0.32787,                0.25501,                0.08578,                 2.5156,                 2.6141,                0.91676,              0.0013947,              0.0013947,              0.0013947
                    109,                 2.0669,                 1.8905,                0.89016,                0.48449,                0.29508,                0.29376,                0.08422,                 2.5638,                 2.3664,                0.92463,               0.001389,               0.001389,               0.001389
                    110,                   2.08,                 2.1696,                0.89541,                0.47933,                0.37731,                0.39709,                0.11929,                 2.6288,                 2.3767,                 0.9355,              0.0013834,              0.0013834,              0.0013834
                    111,                 2.1398,                 1.9405,                0.93088,                0.63017,                0.34426,                0.39142,                 0.0988,                 2.6419,                 2.3726,                0.93498,              0.0013777,              0.0013777,              0.0013777
                    112,                   2.17,                 1.9205,                0.90601,                 0.4267,                0.34426,                0.30451,                 0.0877,                 2.6902,                 2.5213,                0.93374,              0.0013721,              0.0013721,              0.0013721
                    113,                 2.0517,                 1.7028,                0.88944,                0.60756,                0.37705,                0.35735,                0.11521,                 2.5531,                 2.9858,                0.92542,              0.0013664,              0.0013664,              0.0013664
                    114,                 2.1272,                 1.9332,                0.90206,                0.56315,                0.34426,                0.36011,                0.11559,                 2.5957,                 2.9834,                 0.9352,              0.0013607,              0.0013607,              0.0013607
                    115,                  2.296,                 1.9551,                0.91837,                0.46156,                0.40984,                0.34967,                0.10938,                 2.5718,                 2.4743,                0.93034,              0.0013551,              0.0013551,              0.0013551
                    116,                 2.2591,                 1.8122,                0.89761,                0.60378,                 0.2623,                0.28876,                0.08468,                 2.6149,                 3.0944,                0.92542,              0.0013494,              0.0013494,              0.0013494
                    117,                 2.0793,                 2.1848,                0.85114,                0.64141,                 0.2459,                0.29339,                 0.0864,                 2.5691,                 3.2865,                0.92001,              0.0013438,              0.0013438,              0.0013438
                    118,                 2.4373,                 2.5854,                0.91414,                0.77425,                0.31148,                0.33251,                0.09572,                 2.5792,                 2.7699,                0.91614,              0.0013381,              0.0013381,              0.0013381
                    119,                 2.3405,                  2.075,                0.90906,                0.60155,                0.18033,                  0.214,                0.07122,                 2.9267,                 3.0829,                0.95369,              0.0013325,              0.0013325,              0.0013325
                    120,                 2.2675,                 2.0244,                0.89554,                0.28992,                0.09836,                0.07813,                0.02986,                 2.9901,                  3.272,                0.96306,              0.0013268,              0.0013268,              0.0013268
                    121,                 2.3031,                 2.3367,                0.86766,                0.50181,                0.22951,                0.25774,                0.08273,                 2.5831,                 2.8143,                0.91333,              0.0013211,              0.0013211,              0.0013211
                    122,                 2.3132,                 2.0069,                0.89853,                0.40706,                0.32787,                0.30189,                 0.0933,                 2.6442,                 2.7971,                0.93003,              0.0013155,              0.0013155,              0.0013155
                    123,                 2.2744,                 2.0379,                0.88581,                0.47056,                0.31148,                0.26104,                0.07602,                 2.6735,                 2.6951,                0.93257,              0.0013098,              0.0013098,              0.0013098
                    124,                 2.2403,                 2.0362,                0.94282,                0.54102,                0.27869,                0.25047,                0.06929,                 2.7601,                 3.1663,                0.94967,              0.0013042,              0.0013042,              0.0013042
                    125,                 2.2125,                 2.0989,                0.90387,                0.47565,                 0.2459,                0.26247,                0.08917,                 2.6881,                 2.8657,                0.94206,              0.0012985,              0.0012985,              0.0012985
                    126,                 2.0224,                 1.8285,                0.86159,                0.55555,                0.34843,                  0.375,                0.11957,                 2.7326,                 2.3787,                0.93563,              0.0012929,              0.0012929,              0.0012929
                    127,                 2.2139,                  1.954,                0.92026,                0.54094,                0.39344,                0.33475,                0.08951,                 2.7504,                 2.3898,                0.93771,              0.0012872,              0.0012872,              0.0012872
                    128,                 2.2031,                 2.0439,                0.90051,                0.57646,                0.29508,                0.31793,                0.11036,                 2.6128,                 2.5758,                0.92007,              0.0012815,              0.0012815,              0.0012815
                    129,                 2.1648,                 1.8759,                0.89122,                0.62462,                 0.2459,                0.26307,                0.09034,                 2.6343,                 2.6115,                0.91904,              0.0012759,              0.0012759,              0.0012759
                    130,                 2.1067,                 1.7423,                0.91164,                0.61631,                 0.2623,                0.29544,                0.09803,                 2.6878,                 2.7516,                 0.9299,              0.0012702,              0.0012702,              0.0012702
                    131,                 2.1394,                 1.8774,                0.88031,                0.55498,                0.34426,                0.36312,                0.11495,                 2.6019,                 2.6901,                0.91732,              0.0012646,              0.0012646,              0.0012646
                    132,                 2.0906,                 1.7931,                 0.9118,                0.51322,                0.31148,                0.30501,                0.10209,                 2.5385,                 2.6843,                0.90496,              0.0012589,              0.0012589,              0.0012589
                    133,                 1.9026,                 1.6018,                0.89505,                0.29511,                 0.2459,                0.20543,                0.06205,                 2.7451,                 2.9716,                0.93674,              0.0012533,              0.0012533,              0.0012533
                    134,                 2.2235,                 1.8194,                0.92377,                0.29083,                0.28915,                0.23767,                 0.0768,                 2.8383,                 2.7159,                0.95426,              0.0012476,              0.0012476,              0.0012476
                    135,                 2.0081,                 1.7411,                0.88109,                 0.3013,                0.40984,                0.29995,                0.09672,                 2.6327,                 2.7016,                0.93865,              0.0012419,              0.0012419,              0.0012419
                    136,                 1.9809,                 1.7156,                0.86636,                0.48945,                 0.2623,                0.29393,                0.09371,                 2.7445,                 2.6575,                0.94363,              0.0012363,              0.0012363,              0.0012363
                    137,                 2.0818,                  1.715,                0.89662,                0.55108,                0.40984,                0.40891,                0.13208,                 2.7245,                 2.2952,                0.93637,              0.0012306,              0.0012306,              0.0012306
                    138,                 2.1383,                 1.7963,                0.88813,                0.54788,                0.42623,                0.45017,                0.16796,                  2.629,                 2.2037,                0.92211,               0.001225,               0.001225,               0.001225
                    139,                 2.0032,                 1.6008,                0.88521,                0.61619,                0.42623,                0.44243,                0.14643,                 2.5817,                 2.3195,                0.91347,              0.0012193,              0.0012193,              0.0012193
                    140,                 2.1188,                 1.6507,                0.87874,                 0.5618,                0.37705,                0.38273,                0.14329,                 2.5579,                  2.557,                0.91026,              0.0012137,              0.0012137,              0.0012137
                    141,                 2.2517,                 2.0613,                0.89614,                0.56546,                 0.2459,                0.29832,                0.10095,                 2.6647,                 3.3615,                0.92217,               0.001208,               0.001208,               0.001208
                    142,                 2.1418,                 1.9116,                0.86781,                0.37492,                0.21311,                0.20638,                0.06109,                 2.7439,                   3.32,                0.92935,              0.0012023,              0.0012023,              0.0012023
                    143,                  2.016,                  1.782,                0.90094,                0.40521,                0.19672,                0.19932,                0.05205,                 2.7598,                 3.6631,                0.93327,              0.0011967,              0.0011967,              0.0011967
                    144,                 2.0564,                 1.6259,                0.89904,                0.49247,                0.19672,                0.22015,                0.06496,                 2.6532,                 3.3439,                0.92562,               0.001191,               0.001191,               0.001191
                    145,                 2.0018,                 1.9324,                0.84695,                0.43032,                0.19672,                0.23907,                0.07581,                 2.5929,                 3.1199,                0.93036,              0.0011854,              0.0011854,              0.0011854
                    146,                 2.0839,                 1.6812,                0.85813,                0.66103,                0.29508,                0.38203,                0.12337,                 2.5183,                 2.6032,                0.91489,              0.0011797,              0.0011797,              0.0011797
                    147,                 2.0989,                 1.6026,                0.89673,                0.38139,                0.32787,                0.27147,                0.09445,                 2.6506,                 3.0386,                0.92893,              0.0011741,              0.0011741,              0.0011741
                    148,                 1.9428,                 1.5211,                0.89258,                0.33015,                0.18033,                0.15743,                0.04342,                 2.9013,                 2.9149,                0.95945,              0.0011684,              0.0011684,              0.0011684
                    149,                 2.0634,                   1.51,                0.86947,                0.35044,                0.27869,                0.23426,                0.06157,                  2.653,                 2.8104,                0.93178,              0.0011627,              0.0011627,              0.0011627
                    150,                 2.3018,                 1.7247,                0.92246,                0.59637,                0.29508,                0.36444,                0.10493,                 2.5895,                 2.4656,                0.92923,              0.0011571,              0.0011571,              0.0011571
                    151,                 2.0244,                 1.8265,                0.85965,                0.70011,                0.32787,                0.38967,                0.13621,                 2.5997,                 2.3145,                0.93943,              0.0011514,              0.0011514,              0.0011514
                    152,                 2.0252,                 1.6612,                0.90618,                 0.5596,                0.36066,                0.36079,                0.11315,                 2.7009,                 2.7298,                0.95432,              0.0011458,              0.0011458,              0.0011458
                    153,                 1.9439,                  1.653,                0.88324,                0.62351,                0.39344,                0.42564,                0.13263,                 2.5994,                 2.9017,                0.93403,              0.0011401,              0.0011401,              0.0011401
                    154,                 2.1277,                 1.8011,                0.89425,                0.63487,                0.36066,                0.40081,                0.13913,                 2.5333,                 2.7914,                0.92607,              0.0011345,              0.0011345,              0.0011345
                    155,                 1.9766,                 1.4476,                0.89445,                0.63471,                0.29508,                0.34386,                0.10866,                 2.6723,                 2.9104,                0.93068,              0.0011288,              0.0011288,              0.0011288
                    156,                 2.1084,                 1.6071,                0.87096,                0.41065,                0.29508,                 0.2933,                0.09727,                 2.6669,                   2.65,                0.92952,              0.0011231,              0.0011231,              0.0011231
                    157,                 2.1295,                 1.7307,                0.91456,                  0.613,                0.29508,                0.35282,                0.12037,                 2.6662,                 2.7869,                0.93383,              0.0011175,              0.0011175,              0.0011175
                    158,                  1.967,                 1.4624,                0.87902,                0.60786,                0.29508,                0.35128,                0.12231,                  2.601,                 2.7272,                0.91914,              0.0011118,              0.0011118,              0.0011118
                    159,                 1.9681,                  1.457,                0.85852,                0.45286,                0.34426,                 0.3322,                0.10167,                 2.5661,                 2.6809,                0.91271,              0.0011062,              0.0011062,              0.0011062
                    160,                 2.1084,                 1.6059,                0.87508,                0.56319,                0.27869,                0.31587,                 0.1143,                 2.6143,                 2.8392,                0.91847,              0.0011005,              0.0011005,              0.0011005
                    161,                 2.0011,                 1.6477,                0.85428,                0.52002,                0.22951,                 0.2597,                0.08763,                 2.8023,                 3.2988,                0.93788,              0.0010949,              0.0010949,              0.0010949
                    162,                 2.1118,                  1.655,                0.89562,                0.69884,                0.22951,                  0.272,                0.08215,                 2.9214,                 2.9715,                0.95369,              0.0010892,              0.0010892,              0.0010892
                    163,                 2.0632,                 1.6607,                 0.8943,                0.69254,                 0.2459,                0.24432,                0.07827,                   2.93,                 2.9505,                0.96023,              0.0010835,              0.0010835,              0.0010835
                    164,                 1.9246,                 1.4641,                0.87252,                0.65986,                0.28637,                0.29427,                0.08143,                 2.9412,                 3.0756,                0.95178,              0.0010779,              0.0010779,              0.0010779
                    165,                 1.8657,                   1.48,                0.87533,                0.28026,                0.19672,                0.14527,                0.05186,                 3.0079,                 3.2964,                0.96368,              0.0010722,              0.0010722,              0.0010722
                    166,                  2.171,                 1.8639,                0.87038,                0.34885,                0.15822,                0.15659,                0.04722,                 3.1374,                 2.9442,                0.98309,              0.0010666,              0.0010666,              0.0010666
                    167,                 2.0488,                 1.6435,                0.88809,                0.38139,                0.24264,                 0.2305,                0.08112,                 2.8915,                 2.7569,                0.95296,              0.0010609,              0.0010609,              0.0010609
                    168,                 1.9187,                 1.5364,                0.84854,                0.53494,                0.32787,                0.32235,                0.10784,                 2.7885,                 2.7525,                0.93962,              0.0010553,              0.0010553,              0.0010553
                    169,                 2.0516,                 1.4949,                0.88969,                0.47526,                0.36066,                0.35397,                0.09797,                 2.8407,                 2.8851,                 0.9533,              0.0010496,              0.0010496,              0.0010496
                    170,                 1.9321,                 1.4718,                0.87918,                0.44208,                0.34426,                0.32566,                0.09687,                 2.8455,                 2.4313,                0.95205,              0.0010439,              0.0010439,              0.0010439
                    171,                  2.018,                 1.4764,                0.88097,                0.36895,                 0.2459,                0.20168,                0.06012,                 2.8636,                 2.6094,                0.95229,              0.0010383,              0.0010383,              0.0010383
                    172,                 1.9697,                  1.419,                0.88745,                0.40611,                0.36066,                0.28625,                0.07242,                 2.8194,                 2.5277,                0.94363,              0.0010326,              0.0010326,              0.0010326
                    173,                 1.9206,                 1.5883,                0.86325,                0.29688,                0.31148,                0.26444,                0.06634,                 2.8269,                 2.6898,                0.94356,               0.001027,               0.001027,               0.001027
                    174,                 1.8222,                 1.3064,                0.88112,                 0.3304,                0.27869,                0.22429,                0.06068,                 2.7881,                 3.1187,                0.94374,              0.0010213,              0.0010213,              0.0010213
                    175,                 1.8816,                 1.3542,                0.88431,                0.55562,                0.36066,                0.36991,                0.11137,                 2.4994,                 3.1269,                0.91317,              0.0010157,              0.0010157,              0.0010157
                    176,                 1.8564,                 1.3358,                  0.865,                 0.5101,                0.36066,                0.38469,                0.11686,                 2.5668,                 2.9962,                 0.9237,                0.00101,                0.00101,                0.00101
                    177,                 1.8792,                 1.3079,                0.87545,                0.46701,                0.31148,                0.32197,                0.09835,                 2.7047,                 3.0391,                0.94425,              0.0010043,              0.0010043,              0.0010043
                    178,                 1.8366,                  1.438,                0.87782,                0.56923,                0.36066,                0.37361,                0.11489,                 2.6658,                 2.8322,                 0.9369,             0.00099869,             0.00099869,             0.00099869
                    179,                 2.1247,                 1.6133,                0.88327,                0.70845,                0.36066,                0.36595,                0.11534,                 2.6048,                 2.7463,                0.93616,             0.00099303,             0.00099303,             0.00099303
                    180,                 1.9524,                 1.4349,                0.85903,                0.29496,                0.27869,                0.18569,                0.05091,                 2.8742,                 2.8769,                0.96157,             0.00098737,             0.00098737,             0.00098737
                    181,                 2.1101,                 1.4269,                0.87214,                0.32066,                0.31148,                0.24092,                0.05901,                 2.7701,                 3.2505,                0.94999,             0.00098171,             0.00098171,             0.00098171
                    182,                 1.8626,                 1.4312,                0.87731,                0.69053,                0.32787,                0.37327,                0.11265,                 2.6129,                 2.3778,                0.93312,             0.00097606,             0.00097606,             0.00097606
                    183,                 1.9369,                 1.4682,                0.86957,                0.61976,                0.31148,                0.32957,                0.09688,                 2.6145,                  2.886,                0.92627,              0.0009704,              0.0009704,              0.0009704
                    184,                 1.9942,                 1.4832,                0.88941,                0.27611,                0.13115,                0.12619,                0.03964,                 2.8146,                  3.544,                 0.9463,             0.00096474,             0.00096474,             0.00096474
                    185,                 1.7212,                  1.455,                0.85702,                0.47838,                0.18033,                  0.248,                0.07777,                 2.5922,                 3.6557,                0.92772,             0.00095909,             0.00095909,             0.00095909
                    186,                 1.9307,                 1.4918,                0.86597,                0.63168,                0.32787,                0.38059,                0.13967,                  2.574,                 3.0384,                0.91985,             0.00095343,             0.00095343,             0.00095343
                    187,                 1.9438,                 1.4514,                0.86501,                0.66818,                0.34426,                0.38042,                0.13148,                 2.5941,                 2.8432,                0.92219,             0.00094777,             0.00094777,             0.00094777
                    188,                 1.9407,                 1.4546,                0.85457,                0.53935,                0.36066,                0.32207,                0.09844,                 2.5997,                 2.6569,                0.92934,             0.00094211,             0.00094211,             0.00094211
